text,language
The school bus broke down and children arrived home late.,English
My father-in-law is a tough man but he has a good heart.,English
I have been working overtime every day this week.,English
The bodaboda guy knows my route now and waits for me every morning.,English
Chieng' wuok jaber kawuono okinyi.,Luo
"Kwa base walikuwa wanachoma mahindi, harufu ilikuwa good.",Sheng
Dengu inachukua muda mrefu kupika vizuri.,Swahili
"Exams start Monday, remind your kids to study over the weekend.",English
Simu yangu ina tatizo la mtandao leo.,Swahili
The hustle is real out here but we keep pushing.,English
I love how athletics brings the whole country together.,English
Benki imenikatalia mkopo kwa mara ya pili.,Swahili
Mama oselo nyithindo chiemo maber.,Luo
"Another year older, another year wiser, God is good.",English
Nyako owinjo wach mama maber.,Luo
"Buda amenilipisha, saa hii niko sorted kabisa.",Sheng
Kesho asubuhi tutaonana mahali pale pale.,Swahili
Watoto wanafundishwa kuandika na kusoma vizuri.,Swahili
"We have a team meeting at ten, please be on time.",English
Our school won the drama festival at county level.,English
My friend has been fighting malaria for two weeks now.,English
Alfajiri nilikuwa macho na siwezi kulala.,Swahili
Ji mathoth odhi lemo kawuono odhiambo.,Luo
"Bana alinisema vizuri, moyo wangu ulifeel good sana.",Sheng
"Niko na skills, natafuta mtu wa kuniconnect tu.",Sheng
Meneja wetu amemwambia afanye kazi ya ziada.,Swahili
"Tunajuana tangu standard six, yeye ni familia yangu.",Sheng
Maze relationship yangu ilikufa kwa sababu ya imani.,Sheng
"I did not cook today, ordered in and no regrets at all.",English
"Mtoto wangu ana homa, ninamchukua hospitali.",Swahili
Mama osenyiso nyithindo wach maber.,Luo
"Nimechoka sana, nimefanya kazi nzuri leo.",Swahili
Mama osemako nyathi maber ahinya kawuono.,Luo
Maze watu wanafollow tu hawana plan ya kujisupport.,Sheng
"Reach home safe, txt me when u arrive.",English
"Maze influencer wa hii town wanajifanya tu, sisi tunajua.",Sheng
Ji mathoth neno chieng' podho e nam.,Luo
"Samaki wa leo ni safi kabisa, nipe moja.",Swahili
An chiemo rech gi kuon odhiambo.,Luo
Chieng' wuok maber kawuono okinyi.,Luo
An ng'eyo wach maber mar dala.,Luo
"Kesho ni sikukuu, tutakusanyika nyumbani.",Swahili
"Nairobi never sleeps, there is always something happening somewhere.",English
Nyithindo ohero singo e dala odhiambo.,Luo
"Macho yangu yananiudhi, nitaenda kwa daktari.",Swahili
Heavy rains are expected in western parts of the country this week.,English
Nyithindo ohero singo gi osiepe.,Luo
Mchele wa kupika unahitaji maji mengi.,Swahili
"Uko wapi saa hii, tukutane kwa stage ya town.",Sheng
"Huyo msee ni vibe fiti, kila wakati anakufanya ucheke.",Sheng
Uber surge pricing in the evening is too painful honestly.,English
"Maze hii ni too much info, sitaki kujua hizo.",Sheng
Maze nilichelewa kwa appointment kwa sababu ya jam kubwa.,Sheng
"Mdosi wangu amenilipisha overtime, niko na kitu.",Sheng
Road signs on the bypass are confusing even for regulars.,English
Nilijua huyo msee si real wakati wa shida zangu.,Sheng
Mvua inanyesha sana leo asubuhi.,Swahili
The government portal keeps crashing when I try to apply.,English
Comment section ya huyo msee ni war zone kila wakati.,Sheng
Bei ya mafuta imepanda tena wiki hii.,Swahili
Jaduong' timo tich matek kawuono.,Luo
Wuoyi no timo tich matek e puoth.,Luo
Nyathi wuotho e skul odiechieng'.,Luo
An gi mor ne dala maber ahinya.,Luo
"Doh yangu yote niliiweka kwa biashara, tunaona.",Sheng
Every Kenyan has a soft spot for a good smokie pasua.,English
Chanjo ya watoto inafanyika kila Alhamisi.,Swahili
Local content on television has improved so much in recent years.,English
"Stress is a silent killer, find ways to decompress daily.",English
Rech maler yudo e dho nam kawuono.,Luo
Dereva wa lori alipoteza njia usiku wa manane.,Swahili
My father's farm produces enough vegetables for the whole family.,English
"Ile video ilikuwa viral kwa siku mbili, kila mtu alishare.",Sheng
The Central Bank has maintained the base lending rate this quarter.,English
Nyako ber singo e ot kawuono.,Luo
Nyathi maber winjo wach jodongo.,Luo
"Usiku mwema, lala salama.",Swahili
Wuoyi no tedo chiemo e ot.,Luo
"Ile clip ya jana ilikuwa too funny, niishare kwa kila mtu.",Sheng
Lake Victoria is getting polluted and it needs urgent attention.,English
Dhako no ng'eyo timo chiemo maber.,Luo
"Teachers are the backbone of any nation, respect them always.",English
"Driver alienda kwa speed ya fala, watu wakaomba atulie.",Sheng
Mkate wa soda and tea is the best breakfast for cold mornings.,English
"Piny ng'ich kawuono, wabedo e ot.",Luo
Maze nilifanya savings polepole na saa hii niko na kitu.,Sheng
Sherehe ya utamaduni wetu ni ya kipekee sana.,Swahili
"Karibu Kenya, the land of beauty and big hearts.",English
Masomo ya Kiswahili ni muhimu sana nchini Kenya.,Swahili
Ile situation ilinifanya nihisi vibaya for real.,Sheng
Mama osiko e ot timo chiemo.,Luo
"Community is everything, never let go of your people.",English
Ofisi yetu imefunguliwa mapema leo asubuhi.,Swahili
"Kujijua ni kujua, hii ni rule ya kwanza ya mtaani.",Sheng
Urban farming is growing in Nairobi and it makes a lot of sense.,English
Baba amenunua pikipiki mpya jana usiku.,Swahili
Rech maber yudo e dho nam.,Luo
"Masika yanakuja, wakulima wanafurahi sana.",Swahili
Wuoyi no odhi e nam nango rech.,Luo
Mtoto mdogo wetu ameanza kutembea wiki hii.,Swahili
My sister passed her driving test on the first try.,English
"Bana I am so tired, I have been on my feet since six.",English
Oganda wan gi chopo e lemo kawuono.,Luo
We went for tilapia in Kisumu and I have never tasted better.,English
Don't forget to carry the envelope.,English
"Huyo msee ana heart nzuri, hupendi kumdhuru mtu.",Sheng
"Mandazi and chai in the morning, that is Kenyan culture.",English
"Nilichukua mkate na chai asubuhi, ndio ilinisaidia kufika.",Sheng
"Ulikuwa unafikiria nitasema nini, nilikaa kimya tu.",Sheng
"Bei gani hii ndizi, ni ghali mno.",Swahili
"Maze nilikuambia uje mapema, saa hii umechelewa.",Sheng
Niambie ukweli utakuja ama utaniangusha tena.,Sheng
An gi tich mang'eny kawuono odiechieng'.,Luo
Barabara ya Mombasa ina mashimo mengi sana.,Swahili
"Ile joke ilikuwa dead, hakuna mtu alicheka honestly.",Sheng
Mama osemako nyathi maber kawuono.,Luo
Piny ng'ich ahinya kawuono odhiambo.,Luo
Visiting grandma upcountry is always good for the soul.,English
River Nairobi needs serious cleaning and it starts with us.,English
"Huyo msee ni grounded sana, fame haikumbadilisha.",Sheng
"Plant a tree, our grandchildren will need the shade.",English
"Send me the money via Mpesa, I will sort you out tomorrow.",English
Mbuga ya Tsavo ina tembo wengi wa kupendeza.,Swahili
"Maze boda boda ilimpita gari kwa nafasi ndogo, moyo ukasimama.",Sheng
An gi duol maber mar wuoyo gi osiepe.,Luo
Biashara ya mama yangu inafanya vizuri wiki hii.,Sheng
"Nilikula vibaya jana, tumbo linanikaa leo asubuhi.",Sheng
"Mama mboga, hii nyanya ni mbichi bado.",Swahili
Hustle yangu ya side inaanza kupick up vizuri sana.,Sheng
My cousin grows avocados and exports them to Europe.,English
Wuoda bedo kawinjo wach ma japuonj wacho.,Luo
Jaduong' osenyiso wuoyi tich mag puoth.,Luo
"Watu wanasema bado mdogo, mimi najua ninachotaka.",Sheng
Wuoyi no ng'eyo tich mag puoth maber.,Luo
Wuoyi no odhi puoth kawuono okinyi.,Luo
I am the firstborn so the pressure on me is real.,English
Abiria wote wameingia kwenye basi tayari.,Swahili
Nyithindo singo e ot kotieno.,Luo
"We are hiring, please share with anyone who might be interested.",English
"Nilifail exam moja, niko down kidogo but sitakata tamaa.",Sheng
The Ministry of Health has warned of a spike in respiratory illnesses.,English
Mama oselo rech ne ji kawuono.,Luo
"Piny chuer kawuono, an gi mor ahinya.",Luo
Piny ber kawuono odiechieng' mana.,Luo
The government has announced free laptops for class one pupils.,English
Rech maber chiemo ne ji duto e dala.,Luo
Wuoyi no odhi e nam kawuono.,Luo
Maporomoko ya ardhi yameharibu nyumba nyingi kaskazini.,Swahili
"Shule ya sekondari iko mbali, anatembea kila siku.",Swahili
Nyako no osiepena biro kawuono okinyi.,Luo
Watu wa social media wanajua kila kitu lakini hawajui chochote.,Sheng
Nilifika ofisi nikibeba jasho kwa sababu ya kusimama kwa jua.,Sheng
Mama osemako nyithindo maber ahinya.,Luo
Wuoyi no ng'eyo nango rech maber ahinya.,Luo
"Piny ber kawuono, chieng' wuok maber ahinya.",Luo
"Koth ochwe kawuono, wabedo e ot.",Luo
Kwa base ya town kila msee ana hadithi yake ya asubuhi.,Sheng
NHIF card came in handy when my child was admitted last month.,English
"Watu wa foleni hawana subira, kila mtu anataka kwanza.",Sheng
Bibi yangu anaishi kijijini mbali na mji.,Swahili
"I have been trying to reach you since morning, where have you been?",English
Dhako no osecho kuon ne ji.,Luo
I have been sleeping early and waking up fresh every morning.,English
Nyako owinjo wach ma mama wacho.,Luo
"University applications are now open, apply early.",English
Mama amepika chapati na dengu usiku wa leo.,Swahili
Mama oselo rech ne nyithindo kawuono.,Luo
Kwa kiosk ya chini chapati ni tano kwa mia moja tu.,Sheng
Soko la Gikomba lina bidhaa nyingi za bei nafuu.,Swahili
Nyumbani kwetu tunapenda ugali na samaki.,Swahili
Our area gets water once a week and it is never enough.,English
Maze nilikuwa peke yangu lakini buda wangu walija wote.,Sheng
Maze ninataka kuwa mtu wa kutegemewa kwa familia yangu.,Sheng
Mama osenyiso nyako timo chiemo maber.,Luo
Ji duto e oganda wan gi horuok.,Luo
"Maze watu wanachekesha saa hii, hii content ni bushe.",Sheng
Dada yangu ameolewa mwaka jana Disemba.,Swahili
"Nilikuwa nasimama kwa mat yote, mguu ulinikaa vibaya.",Sheng
Tich ma japuonj timo en matek ahinya.,Luo
Jangwa la kaskazini linazidi kukua kila mwaka.,Swahili
A good laugh with good people is the best medicine honestly.,English
Maze dream yangu ni kubwa lakini naamini itawezekana.,Sheng
"Niliweka hii na watu wakasema fire, nilifeel good.",Sheng
Nilifika destination yangu baada ya foleni ya saa moja.,Sheng
The project deadline has been moved to end of month.,English
Oganda wan gi chopo e dala kawuono.,Luo
Meet me at the usual spot at 6.,English
Maze the queue at the bank was too long today.,English
Rech maber chiemo ne ji duto.,Luo
"Kenyans are resilient people, we find a way no matter what.",English
Duka la Kamau linafungua saa tatu asubuhi.,Swahili
Wanafunzi wengi wamefaulu mtihani wa taifa.,Swahili
An gi hera ne nam Victoria.,Luo
Bonde la Ufa ni sehemu nzuri ya nchi yetu.,Swahili
Nilikuwa sina kitu lakini nilijua ninajua kufanya nini.,Sheng
"Finishing the year strong, no option.",English
Osiepa oduogo dala kawuono odhiambo.,Luo
"Piny ber kawuono, koth ok ochwe.",Luo
An timo tich e puoth kawuono okinyi.,Luo
Miradi mipya ya maji imefika vijiji vingi vijijini.,Swahili
Maze watu wanafolllow trends za nje wakisahau zetu za hapa.,Sheng
Mvua ya masika inatarajiwa kuanza mapema mwaka huu.,Swahili
My laptop charger died and I have a deadline tonight.,English
An gi hera ne nyithindo mag dala.,Luo
"Hujambo jirani, umepona vizuri?",Swahili
My grandmother is ninety years old and still sharp as ever.,English
We finally got the contract signed after three months.,English
Hii town inakufanya uwe smart haraka ama utaumia.,Sheng
"Nilikuwa namuambia kila kitu, yeye alikuwa my therapist.",Sheng
Ji mathoth odhi e chiro kawuono okinyi.,Luo
An dhi e puoth kawuono okinyi.,Luo
Matunda kama papai ni mazuri kwa afya.,Swahili
Kaka yangu mkubwa amepata kazi mpya mjini.,Swahili
"Nilifolllow back kwa sababu tu ya kuwa polite, kweli.",Sheng
Hustle ya mtaani inakufundisha haraka kuliko chuo chochote.,Sheng
Maze nilikuwa na njaa sana hadi kichwa kilikuwa kinauma.,Sheng
Ndugu zangu wote wamekusanyika nyumbani leo.,Swahili
Ndege wengi wanahamia Afrika Mashariki kila mwaka.,Swahili
Mechi ya mwisho wa ligi itafanyika Jumamosi.,Swahili
Maze foleni ya Ronald Ngala ilikuwa ya kutisha asubuhi.,Sheng
"We are expecting a new baby in the family, God is great.",English
The new HR policy has everyone confused at the office.,English
"Msee huyo ni real, hakuwahi nisalimia na maneno matupu.",Sheng
Ninapenda chai ya tangawizi asubuhi na jioni.,Swahili
Rech mang'eny yudo e dho nam kawuono.,Luo
Mwalimu alisema watoto wasome kwa bidii zaidi.,Swahili
Ninaenda kanisani kila Jumapili asubuhi.,Swahili
Koth ochwe kawuono gotieno.,Luo
"The mat I was in had fourteen people, completely packed.",English
Jodala wuotho e dala odhiambo maber.,Luo
"Buda akiwa loyal, mshike sana usimwacha.",Sheng
Our community mosque was renovated and looks beautiful now.,English
Baridi ya usiku inazidi siku hizi.,Swahili
Shangazi alituletea zawadi nyingi kutoka Mombasa.,Swahili
Theluji ya Kilimanjaro inaonekana mbali sana.,Swahili
"Msee akisema ana ujuzi, mwambie akuonyeshe kwanza.",Sheng
"Wewe ulikuwa wapi, tulikuwa tunakungoja tangu asubuhi.",Sheng
I started my day with a prayer and it set the right tone.,English
Maze watu wa twitter wanachomana kila siku bila sababu.,Sheng
Jodala wacho wach gi horuok kaachiel.,Luo
"Nimekasirika lakini sitaonyesha, nitajifunga tu.",Sheng
Hospitali ya taifa inatibu watu wengi kila siku.,Swahili
"Maze nilichoka na hizo drama, nikatoka kimya kimya.",Sheng
"Maze nilifeel embarrassed, dunia yangu ilikuwa ndogo.",Sheng
Nilikuwa nakaa kwa base na watu wetu mpaka usiku.,Sheng
Mvua ya kwanza ya masika huleta harufu nzuri.,Swahili
Nimetuma ujumbe kwa familia yangu kupitia WhatsApp.,Swahili
Chieng' wuok jaber kawuono okinyi maber.,Luo
"Ile mat ilikuwa imejaa kupita kiasi, tulikuwa kama sardines.",Sheng
An gi paro ne tich manyien.,Luo
Niliweka story yangu na views zika-hit elfu moja haraka.,Sheng
Mwimbaji huyo ana sauti nzuri ya ajabu sana.,Swahili
Twende tukachome nyama kwa ile kibanda ya kando.,Sheng
Chakula cha harusi kilikuwa kitamu sana usiku.,Swahili
"Maze nilichoka, nataka kulala tu saa hii.",Sheng
"Aisee huyo dem alimwangusha vibaya, poor guy.",Sheng
Kenya won three gold medals and the whole country was celebrating.,English
Wuoyi no odhi e nam kawuono okinyi.,Luo
Ziwa Victoria lina samaki wengi wa aina tofauti.,Swahili
"Nilifurahi sana, ilikuwa news nzuri kweli kweli.",Sheng
Wasanii wa Kenya wanasifika duniani siku hizi.,Swahili
Lunch for a hundred bob is getting harder to find in this city.,English
Oganda wan gi hera gi horuok e dala.,Luo
Being of service to others is one of the greatest callings.,English
Timu ya taifa imeshinda mechi ya jana usiku.,Swahili
"The client meeting went well, they loved our presentation.",English
"Bana si kujua tu, ile situation ilikuwa sus sana.",Sheng
The training this week has been very insightful.,English
Police have arrested four suspects in connection with the robbery.,English
"I saved a thousand bob this week, small wins still count.",English
"Huyo dem ana energy ya positive, kila wakati ana smile.",Sheng
Maze ninataka kusafiri nje ya nchi mwaka huu au ujao.,Sheng
"Nilikuwa na gut feeling lakini sikusikiliza, nikaona.",Sheng
Nilikeep cool lakini ndani yangu nilikuwa nachemka sana.,Sheng
Nimepigiwa simu na rafiki yangu wa zamani.,Swahili
Kiwanda kipya kitaajiri watu wengi wa mtaa.,Swahili
Osiepa biro lawa kawuono odhiambo.,Luo
The drought in the north has affected thousands of livestock.,English
"Low bat, will call u when I charge.",English
Jaduong' osenyiso nyithindo wach maber.,Luo
I woke up at five to beat the traffic and it actually worked.,English
Wuoyi no odhi e chiro kawuono.,Luo
"Maze job market ni ngumu, bado natafuta kitu serious.",Sheng
Jaduong' olemo kawuono gokinyi.,Luo
I missed the last mat and had to take a cab at night.,English
"School fees deadline is this Friday, still hustling.",English
An dhi lemo kawuono odhiambo maber.,Luo
Paro dala moro amora ma jaber.,Luo
Garbage collection in this estate has not happened in two weeks.,English
"Ile mat ilicheza benga yote njia yote, ilikuwa experience.",Sheng
Ji mathoth odhi nango rech e nam.,Luo
Mwezi wa Ramadhani watu wanafunga kwa imani.,Swahili
"Maze watu wanaposema wanakupenda, angalia matendo yao.",Sheng
A new hospital will be constructed in Turkana under the new budget.,English
Nilikuwa nakutafuta tangu jana jioni.,Swahili
Michezo ya Afrika inafanyika nchini mwaka huu.,Swahili
Muuza mboga amesema bei imepanda leo.,Swahili
Bana huyo msee ana audacity ya level ya juu sana.,Sheng
"Maze nilinunua mandazi kwa kumi, ikanitosha mpaka jioni.",Sheng
"Wacha tuende base, nilikuwa nakungoja kwa muda mrefu sana.",Sheng
The village church celebrated a hundred years this December.,English
"This Nairobi cold has no chill, literally.",English
"Nimemwambia ukweli, lakini hakusikia.",Swahili
"Piny chuer kawuono, an bedo e ot.",Luo
Piny ber ahinya kawuono odiechieng'.,Luo
An dhi nam kawuono odhiambo nango rech.,Luo
Kanisa letu lina waumini wengi wa aina zote.,Swahili
Nyithindo ohero chiemo kuon gi aliya.,Luo
An gi hera ahinya ne dala.,Luo
"Maze ile moment ilikuwa awkward sana, sikujua natazame wapi.",Sheng
I finally opened a savings account and I feel like an adult now.,English
"Leo jioni tukae kwa roof, views ni poa sana.",Sheng
Jaduong' wuotho e dala gokinyi maber.,Luo
Biashara ndogo ndogo zinahitaji msaada wa serikali.,Swahili
Biashara ya mama inapata faida kubwa siku hizi.,Swahili
"Kila mtu ana path yake, yangu ni yangu tu usinilinganishe.",Sheng
"Niliomba buda anunue juice, akasema ana budget.",Sheng
Nairobi expressway has reduced my commute time by half.,English
Zoezi la mwili kila siku linasaidia mwili kuwa na nguvu.,Swahili
"How are you doing, long time no see my friend.",English
"Habari ya asubuhi, umefanya nini leo?",Swahili
"Maze bei imepanda, mia tano haikufika hata mchana.",Sheng
Roasted maize by the roadside is a whole childhood memory.,English
Mgonjwa amepona vizuri baada ya wiki mbili.,Swahili
"Bana ile move alifanya ilikuwa cold kabisa, aisee.",Sheng
Ninaomba msaada wako kwa kazi hii ndogo.,Swahili
Nilikuwa naomba mkopo lakini hakuna msee wa kusaidia.,Sheng
Jaduong' osenyiso wuoyi wach maber.,Luo
Hii generation yetu inafanya mambo makubwa quietly.,Sheng
Wimbo wa ibada unagusa moyo wangu kila wakati.,Swahili
Ji mathoth odhi e puoth kawuono okinyi.,Luo
Radio bado inasikika vizuri hata katika mashamba.,Swahili
Ninaenda supermarketi kununua vitu vya nyumba.,Swahili
Bibi anapika wali na mchuzi wa samaki safi.,Swahili
My brother just came back from working in Qatar.,English
Sala ya asubuhi inanipa nguvu kwa siku nzima.,Swahili
Blood donation drive happens at Kenyatta Hospital every Friday.,English
"I paid rent, bought food, and now I am broke until payday.",English
Mwezi huu wa Aprili mvua inategemewa.,Swahili
"Bana leo nilijifunza kitu kipya, kila siku ina lesson yake.",Sheng
Nimeweka mkoba wangu mahali salama.,Swahili
Mvua ya masika imeanza wiki iliyopita.,Swahili
Dawa za asili zinaweza kusaidia maumivu kidogo.,Swahili
An chiemo kuon gi aliya okinyi.,Luo
Wuoyo gi jowetena en gima ber ahinya.,Luo
Usingizi wa kutosha ni muhimu kwa afya nzuri.,Swahili
An ng'eyo puoth maber ahinya.,Luo
"Just discovered a new Kenyan series on streaming, it is very good.",English
Mpesa imebadilisha jinsi tunavyotuma pesa nchini.,Swahili
Mtandao wa nyumbani kwangu hauna kasi leo.,Swahili
The number of gyms in Nairobi has grown so much in five years.,English
Msaada wa haraka uliokolewa maisha ya mgonjwa.,Swahili
Dereva alipiga kelele kwa abiria wote washuke.,Swahili
Wuoyi no timo tich matek e puoth kawuono.,Luo
Jodongo luoro wach maber kaachiel.,Luo
Shule imefungwa kwa likizo ya mwaka.,Swahili
"God has been faithful this year, I have no complaints.",English
An ng'eyo nam Victoria maber ahinya.,Luo
Wajasiriamali wachanga wanafunzwa ujuzi wa biashara.,Swahili
Nyanya yangu anaishi karibu sana na sisi.,Swahili
An gi tich maber e puoth kawuono.,Luo
Daktari alisema niwe na starehe kwa siku mbili.,Swahili
Nyako no ohero singo gi osiepe.,Luo
Shirika la ndege limetangaza safari mpya za kimataifa.,Swahili
"Maze nilikuwa sijui jibu, nikaomba muda kidogo wa kufikiria.",Sheng
An ng'eyo nango rech maber ahinya.,Luo
An gi mor ne nyithindo mag dala maber.,Luo
"Nimepoteza simu yangu, unajua iliko wapi?",Swahili
Conductor akasema full na bado walikuwa wanaingia watu.,Sheng
Jodala ohero ng'eyo wach maber kaachiel.,Luo
Nyako no owinjo duol mar mama.,Luo
Grateful for good friends who show up when it matters.,English
"Buda ameninunulia chips, nikamshukuru kwa moyo wote.",Sheng
Maharagwe ya leo yamepikwa vizuri sana.,Swahili
"Nilifika stage nikakuta mat imejaa, nikasubiri ile nyingine.",Sheng
"Niko hapo, just parking.",English
An gi tich mang'eny e puoth kawuono.,Luo
Maze hii song mpya ya huyo msee ni on repeat yangu.,Sheng
Ji mathoth ng'eyo nam Victoria maber.,Luo
Nyako owinjo wach jodongo maber.,Luo
Ji mathoth odhi e nam nango rech.,Luo
"Niliheard beat mpya ya producer wa mtaani, ni fire kweli.",Sheng
"Mikate hii imeoka vizuri, inukia vizuri sana.",Swahili
Jodala odhi nango rech kawuono.,Luo
Jodongo luoro wach maber e oganda.,Luo
"Nilifika nyumbani nikakuta chakula kimeshaisha, nikaona.",Sheng
"Ile deal ilikufa last minute, niliumia kidogo.",Sheng
Boda boda ni haraka zaidi wakati wa foleni.,Swahili
"Leo ni Jumatatu, wiki mpya inaanza.",Swahili
Kwa tiktok huyo msee anafanya content poa sana.,Sheng
Ninataka kujenga nyumba ya mama yangu kabla sijachelewa.,Sheng
"Gram yangu inaonekana poa saa hii, niko na good content.",Sheng
"Maze niliombwa nisaidie, nikasaidia, akasahau haraka sana.",Sheng
Nilipost at the right time na engagement ilikuwa crazy.,Sheng
The youth group cleaned the market area last Saturday morning.,English
"Ile sticker kwa mat ilikuwa funny sana, nilicheka peke yangu.",Sheng
Dua ya moyo inasikika mbinguni bila shaka.,Swahili
Simu yangu ya zamani bado inafanya kazi vizuri.,Swahili
"Beshte yangu wa kweli ni mmoja tu, wengine ni watu tu.",Sheng
"Nilikuwa namuamini sana, akachora mbaya sana kweli.",Sheng
Traffic is flowing well surprisingly for a Monday morning.,English
Ninaomba recipe ya kuku wa kupaka tafadhali.,Swahili
Mama osenyiso nyako tich mag ot.,Luo
An chiemo kuon gi rech odhiambo maber.,Luo
"Maze nilikuwa nimesahau kulipa, conductor akaniambia niombe wengine.",Sheng
"Happy Sunday, rest well.",English
"I bought airtime for my mum, she forgets to do it herself.",English
"Mpesa till number is on the wall, just pay and I will confirm.",English
"Naenda kwa miguu leo, gari liko garaji.",Swahili
Ji mathoth odhi nango rech e nam kawuono.,Luo
Ji duto ohero tho dala maber.,Luo
The stadium was packed last night for the athletics finals.,English
Ji duto e dala wan gi horuok kaachiel.,Luo
"Msee mmoja alikuwa anaimba ndani ya mat, watu wakamchekesha.",Sheng
Matunda ya msimu yako bei nafuu sana.,Swahili
"Huyo msee ni moto, anajua kila deal ya town yote.",Sheng
"Piny rach kawuono, koth biro.",Luo
My landlord wants rent by the first or he starts texting daily.,English
"Nilikuwa nimepoteza twenty bob change kwa mat, sikujali.",Sheng
Nilikuwa tired lakini nikajua kazi haiezi kuachwa hivyo.,Sheng
Nilikaa kwenye foleni kwa masaa mawili jana.,Swahili
Simu yangu ya kazi imekuwa na tatizo leo.,Swahili
Mama oselo chiemo ne ji duto e ot.,Luo
Osiepe jokaya wan gi mor kaachiel.,Luo
"Kaa kwa makali, vitu vya watu vinaibwa kwa base.",Sheng
Televisheni mpya ina picha nzuri sana ya HD.,Swahili
Mkataba mpya wa kazi umesainiwa leo asubuhi.,Swahili
"Beshte yangu alikuwa pale pale wakati nilianguka, nashukuri.",Sheng
"Chakula cha mama ni different level, hakuna comparable.",Sheng
Buda yangu anasema believe in yourself na mimi naamini.,Sheng
Shangazi anapenda kupika chakula kitamu sana.,Swahili
Ji duto ohero chopo e lemo kaachiel.,Luo
Tumekuwa hatukuonana kwa muda mrefu.,Swahili
"Niko kwa nyumba ya mtaa, kuja tukae kidogo.",Sheng
Internet bundles are expensive but we cannot live without them.,English
Send me the PIN I forgot it again.,English
Our church is doing a food drive for families in need this week.,English
Ji mathoth ng'eyo tich mag puoth.,Luo
Dhako no timo chiemo maber ahinya.,Luo
An gi tich e puoth kawuono okinyi.,Luo
Ninataka unga wa ngano kwa ajili ya chapati.,Swahili
Mvua ya masika huleta huzuni na furaha.,Swahili
"Huyo comedian wa mtaani ana material ya gold, real talent.",Sheng
Jaduong' osebedo motegno kendo saa ni.,Luo
Mtoto wangu wa kwanza ameanza shule wiki hii.,Swahili
Filamu mpya ya Kiswahili inaonyeshwa sinema.,Swahili
"Twende tuone ile show, tikiti bado ziko.",Sheng
Kazi yangu inahitaji kusafiri mara kwa mara.,Swahili
Tbt ya zamani ilinipata watu wakicomment wengi sana.,Sheng
Kenya sevens supporters are truly a different breed of loyal.,English
Jaduong' osenyiso nyako tich mag ot.,Luo
Fuel prices have gone up again effective midnight last night.,English
Ardhi hii ni nzuri sana kwa kilimo cha mahindi.,Swahili
Maze viral moment ya wiki hii ilikuwa ya Kenyan tena.,Sheng
Riadha ni michezo inayopendwa sana Kenya.,Swahili
"Huyo msee anajua shortcuts za kila kitu, yeye ni ule ule.",Sheng
Maze watu wa Twitter Kenya wanachekesha but wanaumiza pia.,Sheng
The Cabinet Secretary has called an urgent press briefing for this afternoon.,English
"Confirmed, see u then.",English
An odhi e chiro kawuono odhiambo.,Luo
Ninapenda kununua nguo za watoto hapa.,Swahili
Maze alikuwa ananiambia story lakini nilijua alikuwa anaficha.,Sheng
"They are doing road works on Ngong Road, expect delays.",English
"Just submitted my resignation, new chapter loading.",English
Nyathi no wuotho maber e dala.,Luo
Nilifail mara nyingi lakini kila wakati niliamka tena.,Sheng
"Maze nilikuwa nimejipanga, kitu kidogo tu kiliingia kwa kati.",Sheng
Osiepe jokaya biro kawuono odhiambo.,Luo
"Nimejipanga, mwezi huu sitaomba mtu chochote.",Sheng
"Oyawore, idhi nade kawuono?",Luo
Misitu inazidi kupotea kwa sababu ya ukataji.,Swahili
"Habari za kazi, unafanya vizuri?",Swahili
An dhi nam kawuono odhiambo.,Luo
Maze nilifurahi sana mpaka sikujua nitafanye nini kwanza.,Sheng
Ji mathoth odhi e puoth kawuono.,Luo
"My son starts Form One next January, time flies.",English
The cost of living has gone up but the salaries have not moved.,English
An chiemo kuon gi aliya kawuono okinyi.,Luo
"Nikaona na macho yangu mwenyewe, sikuweza kuamini.",Sheng
Siku ya Eid watu huvaa nguo nzuri sana.,Swahili
Sukuma wiki inapikwa na nyama ya ng'ombe.,Swahili
Maze watu wa town wana style lakini hawana pesa wakati mwingine.,Sheng
"Faith without action is nothing, we have to work hard too.",English
Nilikuwa nampenda lakini akacheza michezo mingi sana.,Sheng
Nyathi no wuotho e dho ot.,Luo
Elimu bora ndiyo urithi mkubwa kwa watoto.,Swahili
"Sema tu mahali, nitafika kama saa tatu usiku.",Sheng
Kazi ya ujenzi itaisha mwezi wa tatu ujao.,Swahili
"Base yetu ni safe, tunajuana wote vizuri.",Sheng
ATM ilikuwa imejaa watu leo asubuhi mapema.,Swahili
"Forest cover in the Mau is slowly recovering, good news.",English
My cousin is visiting from the village this weekend.,English
"Aki nimechelewa, start without me.",English
My aunty sent some uji and dried vegetables from shags.,English
"Nilifolllow huyo msee kwa insta, content yake ni lit.",Sheng
"Ile post ilikuwa fire, watu wote waka-react haraka.",Sheng
Osiepa biro lawa kawuono okinyi.,Luo
I have three group chats that are active at the same time right now.,English
"Harambee Stars match tonight at Nyayo, who is going?",English
Msikiti mpya umejengwa katika mtaa wetu huu.,Swahili
"My wifi router is acting up again, calling the technician tomorrow.",English
Jodongo bedo kaluoro wach maber.,Luo
Kila siku naomba Mungu anipe nguvu ya kuendelea tu.,Sheng
Mkutano wa viongozi utafanyika Nairobi wiki ijayo.,Swahili
Kilima cha Kenya ni kirefu zaidi nchini.,Swahili
Jodala wuotho maber e dala.,Luo
Jaduong' osebedo e ot kawuono.,Luo
Mchana huu joto lilifika kiwango cha juu.,Swahili
Jodala ohero ng'eyo wach maber.,Luo
I had to walk from town because there were no taxis available.,English
"Huyo msee anajifanya tu kwa gram, maisha yake si hivyo.",Sheng
Nimekula ugali na sukuma wiki leo mchana.,Swahili
I went for a check-up and the doctor said I need to rest more.,English
Maze hii town hukusaidia kama hujisaidii kwanza wewe.,Sheng
Supu ya nyama inanipa nguvu wakati wa baridi.,Swahili
Wanariadha wetu wameshinda medali za dhahabu.,Swahili
An gi osiepe mathoth e dala.,Luo
Mdosi wangu ananiwork hard lakini mshahara ni ile ile tu.,Sheng
Ongezeko la watu linaendelea kuwa tatizo kubwa mijini.,Swahili
"Beshte wangu wote watakuwepo, itakuwa lit sana.",Sheng
Usiku huu ulikuwa na baridi kali sana.,Swahili
Mama osenyiso nyako wach maber.,Luo
Timu yetu ilishindwa kwa bao moja tu jana.,Swahili
Viazi karai with kachumbari is a Mombasa must-have.,English
Jodala ohero chopo kaachiel e dala.,Luo
Jaduong' olemo e ot kawuono okinyi.,Luo
An gi duol maber ne wuoyo gi ji.,Luo
"Hapa soko, watu wengi wananunua mbogamboga.",Swahili
Mboga za leo zinanukia vizuri sana jikoni.,Swahili
"Nilifeel alive leo, kila kitu kilikwenda kama nilivyotaka.",Sheng
Nyithindo ohero chiemo kuon gi rech.,Luo
Polisi wamekamata wahalifu watano mjini jana usiku.,Swahili
An gi tich mang'eny e puoth odiechieng'.,Luo
"The harambee raised enough to pay for the operation, God is good.",English
"Bana nini mbaya, alikuja na vibes za chini tu.",Sheng
Nilijaribu kitu kipya leo na ilikuwa experience ya poa.,Sheng
Mawimbi ya bahari yanaimba wimbo wa asili.,Swahili
"Maze huyo msee ni clout chaser tu, hakuna substance.",Sheng
"Niko nyumbani, leo sijatoka nje.",Swahili
Solar panels are now affordable for many rural households.,English
The chapati at that mama's stall near the stage is unbeatable.,English
An dhi lemo e kanisa kawuono odhiambo.,Luo
Bana comment yake ilikuwa roast lakini ilikuwa accurate.,Sheng
"Saa hii sina hata fare, maisha ni ngumu kweli.",Sheng
Nyathi wuotho e skul maber odiechieng'.,Luo
"Huyo msee ana sauce, kila anaingia mahali anaonekana.",Sheng
Nilifeel used baada ya mambo yote niliyofanya kwa msee huyo.,Sheng
The internet at the office is slow again today.,English
Hospitali mpya itafunguliwa jijini Nairobi hivi karibuni.,Swahili
"Treni ilienda kwa wakati, hatukuchelewa.",Swahili
The new e-citizen platform has made everything much easier.,English
Ninaenda hospitali kukaguliwa damu leo asubuhi.,Swahili
"Nilifika stage nikakuta hakuna mat, nikangoja muda mrefu.",Sheng
"My boy came top of the class this term, so proud.",English
Walimu wanafanya mgomo leo kutaka mishahara bora.,Swahili
"Nilifanya application nyingi, moja tu ilijibu, itosha.",Sheng
"Huyo msee ni consistent, respect full stop.",Sheng
Jodala wuotho e dala odhiambo.,Luo
Huyo msee alisema ukweli mkali lakini ulikuwa wa lazima.,Sheng
Chuo kikuu kipya kimefunguliwa mjini hivi karibuni.,Swahili
The tea farms in Kericho make Kenya proud globally.,English
Views from Ngong Hills never get old honestly.,English
My inbox has forty unread emails and I am choosing to ignore them today.,English
"Nilifika late lakini situation ilikuwa bado inaendelea, lucky.",Sheng
"Piny chuer kawuono, an gi mor.",Luo
Mama oselo rech ne ji kawuono odhiambo.,Luo
"Jua la mchana linauma, kaa kivulini.",Swahili
Mshahara wangu umechelewa mwezi huu tena.,Swahili
"Maze nilifeel proud sana, kazi yangu iliongea yenyewe.",Sheng
"The stage was so full this morning, I waited for three mats.",English
Nyithindo ohero singo gi jowetegi.,Luo
"Working from home today, the traffic was unbearable.",English
I have started walking to the stage every morning for exercise.,English
Timu ya Kenya FC imeshinda na magoli matatu.,Swahili
Bana nilihisi vibaya lakini nikajificha vizuri mbele ya watu.,Sheng
Rech maler yudo e dho nam Victoria.,Luo
Wang' chieng' podho pi ahinya kawuono.,Luo
Oganda wan gi hera gi horuok e dala maber.,Luo
"Mwaka mpya wa Kiislamu umefika, hongera.",Swahili
Nimefikia ofisi kwa wakati licha ya mvua.,Swahili
Kwa nyumba ya beshte yangu chakula ni always available.,Sheng
"Ile fit alikuwa amevaa ilikuwa fire, drip ilikuwa real.",Sheng
Osiepa timo tich matek kawuono maber.,Luo
"The job market is tough right now, keep applying and praying.",English
Mama yetu anatutembelea wikendi hii.,Swahili
Kesho kutwa tutaenda pwani kwa starehe.,Swahili
An gi mor ne nyithindo mag dala.,Luo
Eid Mubarak kwa ndugu zetu Waislamu wote.,Swahili
Pale aliponiambia hivyo nilikaa kimya kwa dakika tano.,Sheng
The matatu operators have called off their strike following talks.,English
We prayed for healing and the doctor confirmed he is recovering.,English
Dhako no osenyi nyithindo tich mag dala.,Luo
Osiepe joka biro lawa kawuono.,Luo
"Osiepa onge kawuono, odhi tich.",Luo
Nyako no ohero singo e dala.,Luo
The maize this season is doing well thanks to the good rains.,English
Harusi ya shangazi itafanyika mwezi ujao.,Swahili
"Tuko na Harambee Stars hadi mwisho, we believe.",English
Watoto wangu wanafanya vizuri sana shuleni.,Swahili
Nam Victoria en nam maduong' ahinya.,Luo
Mazishi ya mzee yatafanyika kesho asubuhi.,Swahili
Wimbo mpya wa msanii fulani unaimba jijini.,Swahili
Jaduong' olemo kawuono okinyi maber.,Luo
"Pumzika kidogo, umechoka sana leo.",Swahili
"You are looking smart today, new clothes?",English
A new industrial park will create over five thousand jobs in Athi River.,English
Osiepe jokaya wan gi mor e dala.,Luo
Chieng' podho jaber kawuono odhiambo maber.,Luo
"Maze ile plot twist ilikuwa unexpected kabisa, wow.",Sheng
"Maze mtaani umebadilika sana, watu wa zamani hawako tena.",Sheng
Nyako owinjo wach maber ma mama wacho.,Luo
"Koth ochwe kawuono, ok wabiro dhi puoth.",Luo
Nimepakua programu mpya kwenye simu yangu.,Swahili
Mbio za marathon za Nairobi zinafanyika Oktoba.,Swahili
Are you going upcountry for the holiday weekend?,English
"Bana hii ni life, lazima ucheze kwa kadi ulizopewa.",Sheng
The Safaricom network was down this morning and panic set in.,English
Nilikuwa chini sana lakini saa hii niko juu kidogo.,Sheng
Mchungaji alihubiri kuhusu upendo na amani.,Swahili
Wakulima wanalalamika kwa upungufu wa mvua shambani.,Swahili
Fuel was too expensive so I left the car at home.,English
"Maze hii city haina huruma, lazima ujitegemee.",Sheng
"Biashara yangu mpya ina potential, naendelea kuibuild.",Sheng
The new bus lane is working well for morning commuters.,English
Coffee from Mt Kenya region is some of the best in the world.,English
"We should stop using single-use plastics, it is that simple.",English
Mfanyakazi mpya ameanza kazi wiki hii.,Swahili
Our office is relocating to Upperhill next month.,English
The school has introduced a new uniform for next year.,English
Puothe ber ahinya kar godo mwandu.,Luo
"Water was not there this morning so I skipped showering, do not judge.",English
The teacher asked parents to come for a meeting on Thursday.,English
Rech maber yudo e nam Victoria kawuono.,Luo
Conductor refused to give me change and just stared at me.,English
"Shikamoo mama, habari za leo?",Swahili
Christmas this year will be quiet but full of gratitude.,English
Bahari ya Hindi inapakana na pwani ya Kenya.,Swahili
Jaduong' osebedo motegno kendo.,Luo
Remind me tomorrow about that thing we discussed.,English
Please send your ID number so I can register you on the system.,English
Malipo ya ankara yanafanywa kwa simu za mkononi.,Swahili
Nimesahau kufunga mlango wa nyumba asubuhi.,Swahili
An gi tich e puoth odiechieng' mana.,Luo
Hospitali ya kaunti ina madaktari wachache sana.,Swahili
"Nilikuwa na plan nzuri lakini pesa haikuwepo, typical.",Sheng
"Buda wangu alisema naweza na niliamini, nikafanikiwa.",Sheng
Chieng' podho jaber kawuono odhiambo.,Luo
Rech ma wanango en maber ahinya.,Luo
The kids are on holiday and the house is very noisy.,English
Harambee ya kanisa ilikusanya pesa nyingi.,Swahili
Baba na mama wanaadhimisha miaka thelathini ya ndoa.,Swahili
Nimechukua dawa zangu za asubuhi tayari.,Swahili
"Nitafika baadaye tu, saa hii niko busy kidogo.",Sheng
I took my wife out for dinner and she ordered the most expensive thing.,English
Ninafuata njia ya mkato kupitia mtaa huu.,Swahili
"Street food in this city will never be beaten, I said what I said.",English
The cost of medicine at private pharmacies is too high nowadays.,English
"Niambie, umefika lini kutoka safari?",Swahili
Parents are requested to collect report forms on Friday.,English
"Karibu sana, ingia ndani uketi.",Swahili
"Bana siku hii ilikuwa long sana, niko tayari kulala.",Sheng
Wuod jal oduogo dala gokinyi.,Luo
"Nilifanya kazi side job usiku, nikapata extra ya chakula.",Sheng
"Base imejaa leo, kila mtu amekuja kurelax.",Sheng
Ji duto e dala ohero chopo kaachiel.,Luo
Dhako no osemako nyathi maber.,Luo
Osiepa oduogo dala kawuono okinyi.,Luo
An timo chiemo maber ne nyithindo.,Luo
Dhako no timo tich matek e ot kawuono.,Luo
"Mtaani ni hard lakini ndio tumekulia, tunajua vibaya vyake.",Sheng
Dhako no timo tich matek e ot.,Luo
Kwa stage ya Kencom msee lazima awe na subira kubwa.,Sheng
"Ile habari ilinipiga vibaya, sikutegemea kabisa.",Sheng
Nimesakinisha programu ya kibenki kwenye simu.,Swahili
"Aki this week has been too long, I need the weekend.",English
Osiepe jokaya wan gi wuoyo maber.,Luo
"Ugali and sukuma wiki, simple but always hits the spot.",English
Dhako no timo chiemo maber ne nyithindo.,Luo
Please send me the minutes of the last meeting.,English
"Koth ok ochwe kawuono, piny ber ahinya.",Luo
Ndugu wetu atarudi kutoka ughaibuni mwezi huu.,Swahili
Usafiri wa ndege ni ghali kuliko basi.,Swahili
Mama oselo chiemo maber ne ji kawuono.,Luo
Just landed in Mombasa and the heat is already welcoming me.,English
Jaduong' osenyiso wuoyi tich mag puoth maber.,Luo
Wuoyi no ng'eyo nango rech maber.,Luo
Twende tuwatch game kwa ile bar ya chini kabisa.,Sheng
"Buda alinisaidia nikapata interview, nashukuri sana.",Sheng
"Ile caption ilikuwa perfect, watu walicheka wote.",Sheng
Kampuni yetu imetangaza nafasi mpya za kazi.,Swahili
Mtihani wa mwisho utafanyika mwezi ujao wiki ya tatu.,Swahili
Mum made pilau on Sunday and we finished it in minutes.,English
Nyathi wuotho e skul odiechieng' mana.,Luo
Matatu ya kwanza ilienda bila kunisubi.,Swahili
"The weather today is too much, I am sweating already.",English
Umeme ulikatika kwa masaa matatu jana usiku.,Swahili
Oganda wan gi hera gi horuok kaachiel.,Luo
"Maze ilikuwa funny sana, nilicheka mpaka nikauma tumbo.",Sheng
"Bana ile moment ilikuwa beautiful, sitaisahau maishani.",Sheng
"Ile mat inacheza muziki loud, ndani ilikuwa ni party.",Sheng
Malaria bado ni tatizo kubwa sehemu za pwani.,Swahili
Mtandao wa 5G umefika miji mikubwa Kenya.,Swahili
Duka hili lina sukari ya aina nyingi.,Swahili
Bana mat ilisimama ghafla kwa police checkpoint tena.,Sheng
"Nilikuwa nadhani ni bora lakini ilikuwa worse, pole sana.",Sheng
"Matatu zilikuwa hazifiki asubuhi, nilichelewa kazini.",Sheng
Shoutout to everyone working hard this Monday morning.,English
The estate has a new watchman who takes his job very seriously.,English
Parliament will sit next week to debate the finance bill amendments.,English
Mchezo wa kesho utafanyika uwanjani Kasarani.,Swahili
An timo tich matek e puoth kawuono.,Luo
Maze uji wa asubuhi ukiwa na tangawizi ni life.,Sheng
Uko wapi? We are all here waiting.,English
The chama this month contributed and helped one member's family.,English
Our national football team gave us hope last night.,English
"Leo jua linachoma sana, tuchukue maji mengi.",Swahili
Jaduong' wuotho e dala gokinyi.,Luo
Diabetes and hypertension are affecting so many people we know.,English
Fuliza has saved me many times but the interest is painful.,English
My parents are celebrating forty years together this December.,English
"Congratulations on your new job, you deserve it.",English
Nyako no timo tich matek e ot.,Luo
Our team delivered and management is very happy.,English
Did you eat? Come we go for lunch at that new place.,English
"Conductor alikuwa anacheza ngumi kwa air, nilijua ni msee.",Sheng
We need to finalize the budget before the end of the quarter.,English
An dhi e chiro kawuono odhiambo.,Luo
Bana nilifanya decision ngumu lakini ilikuwa ya lazima.,Sheng
"Noted, I will sort it out today.",English
"Twende kwa ile spot ya chini, chakula ni fiti sana.",Sheng
Mama oselo kuon ne ji duto e ot.,Luo
Barabara mpya ya Thika imefunguliwa rasmi leo.,Swahili
Piny ng'ich kawuono gotieno.,Luo
Mechi ya soka ilisababisha kelele nyingi mtaani.,Swahili
God bless our families and keep them safe this season.,English
An biro dhi puoth kawuono okinyi.,Luo
Nyithindo ohero chiemo kuon gi aliya odhiambo.,Luo
Watu walionisema sitafanikiwa ndio wanaona sasa hivi.,Sheng
Load shedding interrupts work from home badly some days.,English
Kwanza let me tell you what happened yesterday evening.,English
Hoteli mpya itafunguliwa katikati ya mji hivi.,Swahili
Pls send me that document ASAP.,English
Piny ng'ich kawuono e kar dala.,Luo
"Driver alikuwa anaenda fast sana, nikajua leo ni yangu.",Sheng
Nyako timo chiemo maber ne ji e ot.,Luo
"Nilikuwa shocked, sikutarajia atafanya hivyo kwangu.",Sheng
I took the kids to Uhuru Park and they had the best time.,English
Jaduong' olemo kawuono gokinyi maber.,Luo
"Maze hii ni chapter mpya, naanza fresh na nguvu mpya.",Sheng
Kazi ya freelance inakulipa vizuri ukijua unajua kweli.,Sheng
Kenya has been ranked among the top safari destinations in Africa.,English
Puoth osiepena ber ahinya kar godo.,Luo
Piny chuer kawuono maber ahinya.,Luo
Nilikuwa nikitaka kuweka hii lakini nikaona ni oversharing.,Sheng
Conductor alimpigia kelele msee aliyekaa kwa seat yake.,Sheng
"Huyo dem wangu ni poa sana, ananikubali as I am.",Sheng
Nipe sukari kilo mbili tafadhali.,Swahili
"Happy birthday, may God add you more years and blessings.",English
Benga music is underrated but it is pure cultural gold.,English
"Huyo artiste mpya ana flow ya different, ninamwatch.",Sheng
"Nilikula ugali na nyama leo, imenipatia nguvu saa hii.",Sheng
"Okinyi, an a malo ndhi timo tich.",Luo
An gi paro maber ne tich manyien.,Luo
"My phone fell and the screen cracked, repair will cost me two k.",English
"I do all my shopping online now, no need to go to the shop.",English
"Digital ID rollout is ongoing, go register at your nearest office.",English
Nyathi no wuotho maber e dala kawuono.,Luo
I attended a live concert over the weekend and the energy was crazy.,English
Ji duto e dala wuotho maber.,Luo
I almost missed my bus because of the jam at Kencom.,English
An gi duol maber mar wuoyo gi ji.,Luo
Watching the match online because DSTV decoder has issues.,English
Chieng' podho jaber ahinya kawuono.,Luo
"Umekaa muda mrefu, je, unataka chai?",Swahili
"Nilikuwa wa mwisho kuingia, nikakaa kwa door, nikaomba Mungu.",Sheng
Rech mang'eny yudo e nam Victoria.,Luo
Wanafunzi wa mwisho wamepata matokeo ya mtihani.,Swahili
Nyako owinjo wach maber ma jodongo wacho.,Luo
"Nimesota leo, pesa zangu zimeisha kabla ya mwezi.",Swahili
Nyako no timo chiemo maber ahinya.,Luo
Mwaka huu wa masomo umefunguliwa rasmi leo asubuhi.,Swahili
"Piny ber kawuono, chieng' wuok maber.",Luo
I am craving nyama choma and cold soda right now.,English
"Be there in 20, traffic at Globe is crazy.",English
The Kenyan music scene has been on fire this past year.,English
Every Eid our neighbors share food with us and we love it.,English
Kenyan comedians on social media are keeping us sane this year.,English
"Jioni njema, umefanya kazi nzuri leo.",Swahili
An chiemo rech gi kuon okinyi kawuono.,Luo
Ninatumia programu ya taharuki kusoma habari.,Swahili
Mutura from the right roadside guy is a whole experience.,English
Osiepa timo tich matek kawuono.,Luo
An chiemo kuon gi aliya odhiambo.,Luo
"Maze si ati nilikuwa najua itakuwa hivyo, nilishtuka.",Sheng
Jaduong' osenyiso nyako tich mag ot maber.,Luo
"Mental health is just as important as physical health, take care.",English
Watoto wanacheza mpira wa miguu baada ya shule.,Swahili
"Maze watu wa mtaani wanajua yangu yote, no privacy.",Sheng
The SGR is so comfortable compared to the old train.,English
"Ile situation ilikuwa cringe, nilitaka kutoweka haraka.",Sheng
"The report is ready, I will email it before end of day.",English
"Wacha I call u back, in a matatu.",English
Simu za bei nafuu zimefika sehemu za vijijini.,Swahili
Msitu wa mvua una aina nyingi za mimea.,Swahili
My boss wants the proposal by close of business today.,English
Nyathi no bedo matek ahinya saa ni.,Luo
Flooding in parts of Kisumu has displaced hundreds of families.,English
Nyithindo ohero singo gi jowetegi e dala.,Luo
Kenya Sevens tournament is back and the fans are ready.,English
An gi hera ne puoth mar dala.,Luo
I am the only one in my family without a degree and I am fine.,English
"Piny ng'ich kawuono, wabedo e ot kaachiel.",Luo
Kamera ya simu yangu mpya ina picha nzuri.,Swahili
"We buried our uncle last week, may his soul rest in peace.",English
Our athlete broke a world record and we could not be prouder.,English
Jodongo bedo kaluoro wach maber kaachiel.,Luo
"Mama alinipikia pilau, nikakaa nyumbani jioni nzima.",Sheng
An chiemo kuon gi rech odhiambo.,Luo
Upepo wa pwani unaleta baridi ya kupendeza.,Swahili
Nipe mkate mmoja na siagi kidogo.,Swahili
Form Four leavers are encouraged to apply for HELB loans.,English
"Habari za nyumbani, kila kitu kiko sawa?",Swahili
Matumizi ya teknolojia yameongezeka kwa vijana.,Swahili
Watoto wanacheza bao nje ya nyumba jioni.,Swahili
The flyover construction has made that route a nightmare.,English
Samaki wamefika bandari leo asubuhi mapema.,Swahili
An gi tich e puoth kawuono odiechieng'.,Luo
The kids are obsessed with watching Kenyan YouTube creators.,English
"Goals zangu ziko kwa notebook, nacheck kila wiki mwisho.",Sheng
"Bana nilicheka mpaka machozi yalitoka, ilikuwa too funny.",Sheng
Naenda kukohoa ile pesa kesho asubuhi bila shaka.,Sheng
Ji duto ohero chopo e lemo kaachiel kawuono.,Luo
"Ile musik kwa mat ilikuwa hits za zamani, watu wakafurahi.",Sheng
Idhi ngo? Adhi dala ne nyathi.,Luo
An gi hera ne nam Victoria maber ahinya.,Luo
Mtoto alishinda tuzo ya kwanza darasani mwake.,Swahili
"Asubuhi njema, je, umelala vizuri?",Swahili
"Doh ya rent iko, ya chakula ndiyo tatizo saa hii.",Sheng
Mama osemako nyathi maber ahinya.,Luo
Watoto wachanga wanahitaji chanjo mara kwa mara.,Swahili
We must protect our wildlife for the next generation.,English
Osiepe joka wan gi wuoyo maber.,Luo
The national team departs for the tournament in South Africa tomorrow.,English
Maktaba ya shule ina vitabu vipya vilivyofika.,Swahili
"Pole for the late reply, I was in a meeting.",English
Dawa hizi zinachukuliwa mara tatu kwa siku.,Swahili
Wanyama wa pori wanaishi mbugani mwa Maasai.,Swahili
Wafanyabiashara wadogo wanalalamikia ushuru wa juu.,Swahili
An dhi lemo kawuono odhiambo.,Luo
Saa hii hii ninawork kwa kitu ambacho kitabadilisha life yangu.,Sheng
Somo la hisabati ni gumu kwa watoto wengi.,Swahili
Tuition classes are available every Saturday morning near us.,English
Mawingu mengi yanaonekana mbinguni leo.,Swahili
The matatu culture in this city is honestly unmatched worldwide.,English
Wanyama wa porini wanalindwa na sheria nchini.,Swahili
"Maze wewe unajua potential yako, usiiache ikae bure.",Sheng
Nothing beats a good nyama choma with the boys on a Friday.,English
Ji mathoth odhi e chiro kawuono.,Luo
The rains came early this year and farmers are very happy.,English
"Maze ninaendelea tu, hakuna option nyingine kwa saa hii.",Sheng
Nyathi no osemedo bedo matek.,Luo
"Huyo msee alinisurprise, sikujua ana heart ya aina hiyo.",Sheng
"I am on my way, just got into a mat at town.",English
Dem huyo ana attitude but akiwa poa ni very poa.,Sheng
Maze graffiti kwa mat ilikuwa na ujumbe wa kuchekesha.,Sheng
The strike by teachers has affected learning in many schools.,English
"Performance reviews are coming up, time to update the CV.",English
Are you around? I am near your stage right now.,English
Mama wa kiosk ananijua order yangu before nasema.,Sheng
Foleni ya gari ni ndefu sana leo asubuhi.,Swahili
Watoto wanapenda kula ugali na mayai ya kukaanga.,Swahili
Jatich no timo tich matek e puoth.,Luo
"Eye check-ups are often ignored but very important, go get yours.",English
"Huyo msee anafanya pesa quietly, usimudharau.",Sheng
"Piny ng'ich kawuono, an bedo e ot.",Luo
"Nitakupigia nikiwa karibu, usiende mbali.",Sheng
The county government has started a tree planting campaign.,English
The Standard Gauge Railway recorded its highest passengers last month.,English
Maua ya mwituni yananukia vizuri saa hizi.,Swahili
An timo chiemo maber ne nyithindo kawuono.,Luo
"Nilituma doh kwa familia yangu, niko na baki kidogo.",Sheng
Mitandao ya kijamii inabadilisha maisha ya watu.,Swahili
We are doing a family harambee to help pay hospital bills.,English
"My dad called to check on me, that man is my hero.",English
An dhi e nam kawuono odhiambo.,Luo
Vitabu vya shule vimepanda bei mwaka huu.,Swahili
Ndoa ya kidini ilifanyika kanisani Jumamosi iliyopita.,Swahili
Wazee wanashirikiana kuhifadhi mila za kale.,Swahili
The annual Lewa Marathon raises millions for conservation every year.,English
Chiemo maber en gima dupna.,Luo
Bana podcast yangu favorite ilirelease episode mpya jana.,Sheng
Maze ana followers wengi lakini engagement yake ni zero.,Sheng
"Maze ile skit ilikuwa relatable sana, watu wote wakashare.",Sheng
"Chai ya asubuhi haijakaa vizuri, ni baridi sasa.",Swahili
Kwa stage ya Archives ni lazima uwe aggressive kidogo.,Sheng
"Koth biro kawuono gotieno, waparo.",Luo
"Conductor aliniambia fare imepanda, nikakataa kulipa extra.",Sheng
I am in back to back meetings the whole of today.,English
"Nilifanya kazi yote na wao wakachukua credit, si sawa.",Sheng
"Kiangazi kimekwisha, mvua inanyesha tena.",Swahili
"Kaa na watu wanaokusupport, wengine wacha waende.",Sheng
Osiepe joka wan gi wuoyo maber kaachiel.,Luo
"Huyo ni buda yangu wa roho, tunajuana miaka mingi.",Sheng
Nilikuwa naomba raise lakini bosi alisema siyo bado.,Sheng
Kipchoge ameshinda tena mbio za dunia.,Swahili
My colleague brought mandazi to the office and they were gone in five minutes.,English
The choir performance at the concert moved everyone to tears.,English
Jodala ohero chopo kaachiel.,Luo
I bumped into your cousin at the supermarket this morning.,English
Dhako no ng'eyo timo chiemo maber ahinya.,Luo
Organic farming is gaining popularity among young Kenyans.,English
Wuoyi no odhi e chiro kawuono okinyi.,Luo
The queue at the public hospital was three hours long today.,English
"Watu wa office waliorder in pamoja, ilikuwa nice sana.",Sheng
Osiepe joka wan gi mor e dala.,Luo
Watching the marathon and spotting Kenyans at the front is routine.,English
Osiepa biro e dala kawuono okinyi.,Luo
Nyithindo wuotho e skul odiechieng'.,Luo
Mchinjaji amepanda bei ya nyama tena.,Swahili
"Done with work, heading to the stage now.",English
Osiepe jokaya biro lawa kawuono okinyi.,Luo
"Maze ile punchline ilikuwa go, bana nilicheka sana.",Sheng
Mama osenyiso nyithindo tich mag dala.,Luo
Ji mathoth odhi e nam kawuono okinyi.,Luo
"Ninaomba maji ya kunywa, nina kiu kubwa.",Swahili
"Niliweka highlight mpya ya trip yangu, watu wakavibe.",Sheng
Rech mang'eny yudo e nam kawuono.,Luo
Security has been beefed up ahead of the upcoming public holiday.,English
Residents of Kibera have decried the lack of clean water for weeks.,English
"Ile vibe ilikuwa off, nilitaka kuenda haraka.",Sheng
Nitarudi nyumbani saa kumi na mbili usiku.,Swahili
Maze niliona alikuwa hasty na nilijua itaisha vibaya.,Sheng
Ile smokie nilinunua kwa stage ilikuwa hit sana bana.,Sheng
Sherehe ya harusi ilifanyika kwa furaha kubwa.,Swahili
Kwa street lazima uwe na jicho la tatu kila wakati.,Sheng
Pilipili ikiwa nyingi chakula kinachoma kinywa.,Swahili
"Maze nilipata opportunity nzuri, sikuacha iende bure.",Sheng
"The fare has gone up again, these conductors are too much.",English
Maze trend hii mpya imechukua over kila platform yote.,Sheng
Osiepe jokaya biro lawa kawuono.,Luo
"Nilifanya deal mzuri, faida ilikuwa poa sana kweli.",Sheng
The Kenya Film Festival showcased amazing local talent this year.,English
"Maze nilikuwa nimesahau kufollow, nikaona post yake na nikaremember.",Sheng
Mama oselo kuon ne nyithindo kawuono.,Luo
Stendi ya mabasi inaanza kufanya kazi mapema.,Swahili
Nyithindo wuotho e skul odiechieng' mana.,Luo
"Good morning, hope ur day is smooth.",English
"Familia yangu ni kubwa, tuna watoto sita.",Swahili
"Nilikuwa najua itakuwa hivyo, experience inakufundisha.",Sheng
Watoto wanapenda kucheza baada ya shule.,Swahili
"Nilifika nyumbani baada ya masaa mawili, nikelewa kabisa.",Sheng
Buda wangu wa zamani ameniona kwa stage akasema aje.,Sheng
"Kompyuta yangu imeharibika, inahitaji kutengenezwa.",Swahili
"Maze nilikuwa nimechoka kusimama kwa mat, mguu uliuma.",Sheng
Wanafunzi wa kidato cha sita wamefanya vizuri sana.,Swahili
An timo tich maber e puoth kawuono.,Luo
Familia yetu inakwenda picnic Jumamosi hii.,Swahili
An gi tich matek kawuono.,Luo
Stendi ya mabasi iko mbali kidogo na hapa.,Swahili
Ninapika pilau kwa ajili ya wageni wetu leo.,Swahili
Maze nilifeel free sana baada ya kumwambia ukweli wote.,Sheng
"My wife's mukimo is the reason I married her, I am serious.",English
Ile beef ya hao wawili ilikuwa entertaining lakini childish.,Sheng
Naomba uniambie bei ya mahindi kilo moja.,Swahili
